,CustomerName,Recency,Frequency,Monetary,R_rank_norm,F_rank_norm,M_rank_norm,RFM_Score,Customer_segment
0,Aaron Bergman,16,89,120359.57,50.99,96.8,89.57,3.44,Medium value Customer
1,Aaron Hawkins,12,56,102027.9,62.41,27.83,80.03,4.21,Medium value Customer
2,Aaron Smayling,23,60,64406.24,38.23,38.69,38.82,2.58,Medium value Customer
3,Adam Bellavance,35,68,109573.01,22.19,62.19,85.3,1.5,Very low value Customer
4,Adam Hart,2,84,91431.55,89.67,92.27,71.48,6.05,Top Customer
5,Adam Shillingsburg,15,71,74311.74,53.82,69.54,53.64,3.63,Medium value Customer
6,Adrian Barton,27,77,186818.3,32.78,81.78,99.5,2.21,Low value Customer
7,Adrian Hane,21,54,52745.66,42.66,21.8,22.49,2.88,Medium value Customer
8,Adrian Shami,41,44,49139.75,16.61,6.16,17.71,1.12,Very low value Customer
9,Aimee Bixby,35,55,105330.48,22.19,24.56,82.54,1.5,Very low value Customer
10,Alan Barnes,13,60,62265.08,59.4,38.69,35.05,4.01,Medium value Customer
11,Alan Dominguez,5,55,89011.98,81.65,24.56,69.35,5.51,Top Customer
12,Alan Haines,49,77,71713.3,10.78,81.78,49.12,0.73,Very low value Customer
13,Alan Hwang,6,74,112799.73,77.04,75.38,86.81,5.2,High value Customer
14,Alan Schoenberger,2,73,114495.09,89.67,73.3,87.56,6.05,Top Customer
15,Alan Shonely,12,63,51542.57,62.41,47.17,20.85,4.21,Medium value Customer
16,Alejandro Ballentine,5,68,56820.24,81.65,62.19,27.89,5.51,Top Customer
17,Alejandro Grove,13,67,86881.53,59.4,58.67,67.34,4.01,Medium value Customer
18,Alejandro Savely,18,77,112425.06,48.88,81.78,86.56,3.3,Medium value Customer
19,Aleksandra Gannaway,2,58,66425.92,89.67,33.61,42.09,6.05,Top Customer
20,Alex Avila,2,50,64601.23,89.67,14.64,39.2,6.05,Top Customer
21,Alex Grayson,2,77,50400.67,89.67,81.78,19.35,6.05,Top Customer
22,Alex Russell,29,64,62303.67,28.74,50.19,35.43,1.94,Low value Customer
23,Alice McCarthy,15,77,89640.26,53.82,81.78,69.85,3.63,Medium value Customer
24,Allen Armold,6,55,25459.94,77.04,24.56,1.38,5.2,High value Customer
25,Allen Goldenen,112,53,36551.4,1.41,19.79,5.28,0.1,Very low value Customer
26,Allen Rosenblatt,54,50,42143.95,8.66,14.64,10.43,0.58,Very low value Customer
27,Alyssa Crouse,6,61,83528.74,77.04,41.33,63.69,5.2,High value Customer
28,Alyssa Tate,12,65,84290.12,62.41,52.95,65.2,4.21,Medium value Customer
29,Amy Cox,5,39,72881.07,81.65,2.39,51.63,5.51,Top Customer
30,Amy Hunt,70,39,51642.55,5.39,2.39,20.98,0.36,Very low value Customer
31,Andrew Allen,125,48,95311.72,0.77,10.93,74.75,0.05,Very low value Customer
32,Andrew Gjertsen,48,78,91560.25,11.8,84.17,71.98,0.8,Very low value Customer
33,Andrew Roberts,14,69,76919.48,56.77,65.45,57.79,3.83,Medium value Customer
34,Andy Gerbode,12,44,68711.33,62.41,6.16,45.85,4.21,Medium value Customer
35,Andy Reiter,6,35,31626.49,77.04,0.88,2.76,5.2,High value Customer
36,Andy Yotov,14,50,35531.56,56.77,14.64,4.02,3.83,Medium value Customer
37,Anemone Ratner,2,50,53544.83,89.67,14.64,23.62,6.05,Top Customer
38,Angele Hood,21,49,56979.78,42.66,12.63,28.27,2.88,Medium value Customer
39,Ann Blume,7,64,90474.86,73.44,50.19,70.6,4.96,High value Customer
40,Ann Chong,6,83,59541.76,77.04,90.64,32.29,5.2,High value Customer
41,Ann Steele,33,55,86048.7,25.02,24.56,66.71,1.69,Low value Customer
42,Anna Andreadi,28,91,76482.47,30.6,97.3,56.91,2.07,Low value Customer
43,Anna Chung,2,43,37504.26,89.67,4.96,5.9,6.05,Top Customer
44,Anna Gayman,47,77,61719.21,12.64,81.78,34.92,0.85,Very low value Customer
45,Anna Häberlin,30,76,97796.25,27.39,79.27,76.38,1.85,Low value Customer
46,Anne McFarland,25,79,126295.5,36.56,85.99,92.46,2.47,Low value Customer
47,Anne Pryor,37,63,74302.6,19.69,47.17,53.52,1.33,Very low value Customer
48,Annie Thurman,2,55,62453.75,89.67,24.56,35.68,6.05,Top Customer
49,Annie Zypern,26,68,58829.72,34.77,62.19,31.16,2.35,Low value Customer
50,Anthony Garverick,28,58,57030.83,30.6,33.61,28.52,2.07,Low value Customer
51,Anthony Jacobs,1,79,74537.71,95.06,85.99,53.89,6.42,Top Customer
52,Anthony Johnson,36,77,49601.29,20.85,81.78,18.22,1.41,Very low value Customer
53,Anthony O'Donnell,7,60,65364.99,73.44,38.69,40.58,4.96,High value Customer
54,Anthony Rawles,22,72,82727.33,40.09,71.48,63.32,2.71,Medium value Customer
55,Anthony Witt,16,78,73295.42,50.99,84.17,52.39,3.44,Medium value Customer
56,Arianne Irving,13,50,39112.98,59.4,14.64,7.66,4.01,Medium value Customer
57,Art Ferguson,5,98,152491.57,81.65,99.12,97.11,5.51,Top Customer
58,Art Foster,53,76,101749.08,9.24,79.27,79.65,0.62,Very low value Customer
59,Arthur Gainer,23,75,107100.11,38.23,77.39,83.67,2.58,Medium value Customer
60,Arthur Prichep,76,87,71789.96,4.3,95.6,49.25,0.29,Very low value Customer
61,Arthur Wiediger,35,49,66020.88,22.19,12.63,41.58,1.5,Very low value Customer
62,Ashley Jarboe,28,56,76336.93,30.6,27.83,56.53,2.07,Low value Customer
63,Astrea Jones,48,60,56698.75,11.8,38.69,27.64,0.8,Very low value Customer
64,Barbara Fisher,22,62,37118.61,40.09,44.16,5.78,2.71,Medium value Customer
65,Barry Blumstein,14,62,46113.21,56.77,44.16,14.45,3.83,Medium value Customer
66,Barry Franz,8,69,124230.34,69.85,65.45,91.96,4.72,High value Customer
67,Barry Französisch,15,62,47957.21,53.82,44.16,16.33,3.63,Medium value Customer
68,Barry Gonzalez,28,67,103631.16,30.6,58.67,81.16,2.07,Low value Customer
69,Barry Pond,5,57,40992.26,81.65,30.59,8.92,5.51,Top Customer
70,Barry Weirich,22,51,99704.33,40.09,16.65,78.27,2.71,Medium value Customer
71,Bart Folk,25,55,56217.18,36.56,24.56,26.63,2.47,Low value Customer
72,Bart Pistole,2,70,37874.54,89.67,67.71,6.41,6.05,Top Customer
73,Bart Watters,54,96,141352.41,8.66,98.81,95.35,0.58,Very low value Customer
74,Becky Castell,29,87,73835.96,28.74,95.6,53.02,1.94,Low value Customer
75,Becky Martin,8,78,154247.66,69.85,84.17,97.24,4.72,High value Customer
76,Becky Pak,32,58,91382.47,26.23,33.61,71.36,1.77,Low value Customer
77,Ben Ferrer,16,86,96221.95,50.99,94.6,75.13,3.44,Medium value Customer
78,Ben Peterman,1,74,83875.72,95.06,75.38,64.57,6.42,Top Customer
79,Ben Wallace,40,68,60201.91,17.83,62.19,33.04,1.2,Very low value Customer
80,Benjamin Farhat,26,62,63219.23,34.77,44.16,37.31,2.35,Low value Customer
81,Benjamin Patterson,39,67,72717.05,18.79,58.67,51.01,1.27,Very low value Customer
82,Benjamin Venier,44,61,95248.84,13.66,41.33,74.62,0.92,Very low value Customer
83,Berenike Kampe,26,64,70688.58,34.77,50.19,47.86,2.35,Low value Customer
84,Beth Fritzler,6,58,42763.07,77.04,33.61,10.93,5.2,High value Customer
85,Beth Paige,12,55,64010.41,62.41,24.56,38.57,4.21,Medium value Customer
86,Beth Thompson,28,70,46485.89,30.6,67.71,14.95,2.07,Low value Customer
87,Bill Donatelli,5,69,63771.29,81.65,65.45,38.19,5.51,Top Customer
88,Bill Eplett,35,102,171617.29,22.19,99.62,98.74,1.5,Very low value Customer
89,Bill Overfelt,21,47,36281.37,42.66,9.36,4.77,2.88,Medium value Customer
90,Bill Shonely,0,68,137512.38,100.0,62.19,95.23,6.75,Top Customer
91,Bill Stewart,28,66,108689.53,30.6,55.53,84.67,2.07,Low value Customer
92,Bill Tyler,28,50,58773.61,30.6,14.64,30.65,2.07,Low value Customer
93,Bobby Elias,21,60,100382.22,42.66,38.69,79.15,2.88,Medium value Customer
94,Bobby Odegard,1,57,81103.4,95.06,30.59,61.68,6.42,Top Customer
95,Bobby Trafton,51,53,53416.79,9.81,19.79,23.37,0.66,Very low value Customer
96,Brad Eason,3,69,115392.83,86.79,65.45,87.69,5.86,Top Customer
97,Brad Norvell,11,70,122552.9,64.79,67.71,90.83,4.37,Medium value Customer
98,Brad Thomas,30,65,50368.22,27.39,52.95,19.22,1.85,Low value Customer
99,Bradley Drucker,19,44,69778.54,47.15,6.16,46.98,3.18,Medium value Customer
100,Bradley Nguyen,9,65,51188.32,66.65,52.95,20.35,4.5,High value Customer
101,Bradley Talbott,33,55,81264.89,25.02,24.56,61.81,1.69,Low value Customer
102,Brenda Bowman,28,63,94705.84,30.6,47.17,74.12,2.07,Low value Customer
103,Brendan Dodson,7,36,53365.78,73.44,1.44,23.24,4.96,High value Customer
104,Brendan Murry,34,55,55676.07,23.54,24.56,26.13,1.59,Very low value Customer
105,Brendan Sweed,35,58,65250.2,22.19,33.61,40.33,1.5,Very low value Customer
106,Brian Dahlen,97,48,36459.09,2.44,10.93,5.03,0.16,Very low value Customer
107,Brian DeCherney,49,67,44115.57,10.78,58.67,12.31,0.73,Very low value Customer
108,Brian Derr,9,68,79710.75,66.65,62.19,60.68,4.5,High value Customer
109,Brian Moss,33,78,71294.31,25.02,84.17,48.49,1.69,Low value Customer
110,Brian Stugart,29,70,145742.64,28.74,67.71,96.23,1.94,Low value Customer
111,Brian Thompson,18,58,64923.74,48.88,33.61,39.95,3.3,Medium value Customer
112,Brooke Gillingham,9,49,52613.79,66.65,12.63,22.11,4.5,High value Customer
113,Brosina Hoffman,23,97,146407.94,38.23,98.99,96.36,2.58,Medium value Customer
114,Bruce Degenhardt,4,76,61666.76,85.31,79.27,34.8,5.76,Top Customer
115,Bruce Geld,6,56,91713.51,77.04,27.83,72.24,5.2,High value Customer
116,Bruce Stewart,1,83,73689.35,95.06,90.64,52.76,6.42,Top Customer
117,Bryan Davis,35,64,59498.85,22.19,50.19,31.91,1.5,Very low value Customer
118,Bryan Mills,2,84,86377.54,89.67,92.27,66.83,6.05,Top Customer
119,Bryan Spruell,9,69,91464.23,66.65,65.45,71.61,4.5,High value Customer
120,Candace McMahon,40,46,90957.61,17.83,8.17,71.11,1.2,Very low value Customer
121,Cari MacIntyre,6,77,118493.28,77.04,81.78,89.07,5.2,High value Customer
122,Cari Sayre,15,68,108255.17,53.82,62.19,84.55,3.63,Medium value Customer
123,Cari Schnelling,50,60,49955.16,10.26,38.69,18.72,0.69,Very low value Customer
124,Carl Jackson,13,56,59772.14,59.4,27.83,32.41,4.01,Medium value Customer
125,Carl Ludwig,13,60,119196.21,59.4,38.69,89.2,4.01,Medium value Customer
126,Carl Weiss,8,55,67621.24,69.85,24.56,43.97,4.72,High value Customer
127,Carlos Daly,2,70,104283.46,89.67,67.71,81.41,6.05,Top Customer
128,Carlos Meador,36,42,42424.91,20.85,3.83,10.68,1.41,Very low value Customer
129,Carlos Soltero,25,68,60083.29,36.56,62.19,32.91,2.47,Low value Customer
130,Carol Adams,18,57,163414.02,48.88,30.59,98.24,3.3,Medium value Customer
131,Carol Darley,1,68,50941.74,95.06,62.19,19.97,6.42,Top Customer
132,Carol Triggs,28,52,76023.47,30.6,18.09,55.65,2.07,Low value Customer
133,Caroline Jumper,33,58,92146.6,25.02,33.61,72.61,1.69,Low value Customer
134,Cassandra Brandow,9,59,71701.94,66.65,36.31,48.99,4.5,High value Customer
135,Catherine Glotzbach,21,35,15519.11,42.66,0.88,0.25,2.88,Medium value Customer
136,Cathy Armstrong,13,56,46924.42,59.4,27.83,15.58,4.01,Medium value Customer
137,Cathy Hwang,89,70,65426.65,3.21,67.71,40.83,0.22,Very low value Customer
138,Cathy Prescott,69,65,98562.6,5.52,52.95,77.39,0.37,Very low value Customer
139,Chad Cunningham,51,58,53901.75,9.81,33.61,24.12,0.66,Very low value Customer
140,Chad McGuire,8,43,77281.56,69.85,4.96,58.29,4.72,High value Customer
141,Chad Sievert,11,48,54015.93,64.79,10.93,24.25,4.37,Medium value Customer
142,Charles Crestani,82,59,59101.76,3.85,36.31,31.53,0.26,Very low value Customer
143,Charles McCrossin,26,55,120503.24,34.77,24.56,89.82,2.35,Low value Customer
144,Charles Sheldon,57,62,109320.49,7.31,44.16,84.92,0.49,Very low value Customer
145,Charlotte Melton,0,55,72128.09,100.0,24.56,49.87,6.75,Top Customer
146,Chloris Kastensmidt,4,96,52557.84,85.31,98.81,21.86,5.76,Top Customer
147,Chris Cortes,20,87,52225.14,45.09,95.6,21.48,3.04,Medium value Customer
148,Chris McAfee,42,44,64280.02,15.52,6.16,38.69,1.05,Very low value Customer
149,Chris Selesnick,2,81,67648.57,89.67,87.63,44.22,6.05,Top Customer
150,Christina Anderson,34,69,106950.6,23.54,65.45,83.42,1.59,Very low value Customer
151,Christina DeMoss,12,82,75127.44,62.41,88.88,54.65,4.21,Medium value Customer
152,Christina VanderZanden,39,60,41533.79,18.79,38.69,9.55,1.27,Very low value Customer
153,Christine Abelman,13,43,26942.61,59.4,4.96,2.01,4.01,Medium value Customer
154,Christine Kargatis,0,67,54850.49,100.0,58.67,25.38,6.75,Top Customer
155,Christine Phan,8,82,120609.52,69.85,88.88,89.95,4.72,High value Customer
156,Christine Sundaresam,6,66,37885.87,77.04,55.53,6.53,5.2,High value Customer
157,Christopher Conant,6,73,205419.11,77.04,73.3,99.75,5.2,High value Customer
158,Christopher Martinez,37,56,111193.59,19.69,27.83,85.8,1.33,Very low value Customer
159,Christopher Schild,1,53,50283.46,95.06,19.79,19.1,6.42,Top Customer
160,Christy Brittain,26,49,61031.85,34.77,12.63,33.42,2.35,Low value Customer
161,Chuck Clark,0,60,81598.91,100.0,38.69,62.19,6.75,Top Customer
162,Chuck Magee,15,58,72981.61,53.82,33.61,51.88,3.63,Medium value Customer
163,Chuck Sachs,6,70,114322.59,77.04,67.71,87.44,5.2,High value Customer
164,Cindy Chapman,16,74,95205.29,50.99,75.38,74.5,3.44,Medium value Customer
165,Cindy Schnelling,2,62,50042.97,89.67,44.16,18.84,6.05,Top Customer
166,Cindy Stewart,27,42,64712.58,32.78,3.83,39.57,2.21,Low value Customer
167,Claire Gute,28,52,67041.67,30.6,18.09,43.09,2.07,Low value Customer
168,Claudia Bergmann,7,72,84909.71,73.44,71.48,65.83,4.96,High value Customer
169,Clay Cheatham,27,60,38415.53,32.78,38.69,6.78,2.21,Low value Customer
170,Clay Ludtke,5,79,86596.29,81.65,85.99,67.09,5.51,Top Customer
171,Clay Rozendal,22,41,84780.13,40.09,3.14,65.58,2.71,Medium value Customer
172,Clytie Kelty,43,79,75808.8,14.56,85.99,55.53,0.98,Very low value Customer
173,Corey Catlett,16,61,96832.11,50.99,41.33,75.63,3.44,Medium value Customer
174,Corey Roper,43,77,116992.41,14.56,81.78,88.44,0.98,Very low value Customer
175,Corey-Lock,4,68,51995.69,85.31,62.19,21.36,5.76,Top Customer
176,Corinna Mitchell,27,54,101699.59,32.78,21.8,79.52,2.21,Low value Customer
177,Craig Carreira,16,67,48781.95,50.99,58.67,17.21,3.44,Medium value Customer
178,Craig Carroll,54,55,73006.7,8.66,24.56,52.01,0.58,Very low value Customer
179,Craig Leslie,8,69,101087.66,69.85,65.45,79.4,4.72,High value Customer
180,Craig Molinari,41,54,58608.2,16.61,21.8,30.15,1.12,Very low value Customer
181,Craig Reiter,5,77,101932.71,81.65,81.78,79.9,5.51,Top Customer
182,Craig Yedwab,60,60,67321.62,6.41,38.69,43.59,0.43,Very low value Customer
183,Cyma Kinney,37,69,38441.58,19.69,65.45,6.91,1.33,Very low value Customer
184,Cynthia Arntzen,93,61,122384.36,2.82,41.33,90.58,0.19,Very low value Customer
185,Cynthia Delaney,76,67,65641.84,4.3,58.67,41.08,0.29,Very low value Customer
186,Cynthia Voltz,4,54,67540.95,85.31,21.8,43.84,5.76,Top Customer
187,Cyra Reiten,55,54,80800.58,8.08,21.8,61.56,0.55,Very low value Customer
188,Damala Kotsonis,21,86,106228.25,42.66,94.6,82.91,2.88,Medium value Customer
189,Dan Campbell,34,77,51652.35,23.54,81.78,21.11,1.59,Very low value Customer
190,Dan Lawera,57,68,63033.2,7.31,62.19,36.93,0.49,Very low value Customer
191,Dan Reichenbach,3,84,78803.87,86.79,92.27,59.55,5.86,Top Customer
192,Dana Kaydos,45,70,100004.73,13.15,67.71,78.64,0.89,Very low value Customer
193,Daniel Byrd,2,65,66043.56,89.67,52.95,41.71,6.05,Top Customer
194,Daniel Lacy,37,72,53718.17,19.69,71.48,23.87,1.33,Very low value Customer
195,Daniel Raglin,27,85,163807.08,32.78,93.53,98.37,2.21,Low value Customer
196,Dario Medina,12,76,126380.05,62.41,79.27,92.59,4.21,Medium value Customer
197,Darren Budd,57,31,67099.63,7.31,0.44,43.34,0.49,Very low value Customer
198,Darren Koutras,1,64,67935.02,95.06,50.19,44.6,6.42,Top Customer
199,Darren Powers,14,82,76286.83,56.77,88.88,56.41,3.83,Medium value Customer
200,Darrin Martin,2,66,91180.55,89.67,55.53,71.23,6.05,Top Customer
201,Darrin Sayre,48,68,72480.82,11.8,62.19,50.63,0.8,Very low value Customer
202,Darrin Van Huff,19,94,122898.88,47.15,98.24,91.08,3.18,Medium value Customer
203,Dave Brooks,8,70,167186.3,69.85,67.71,98.62,4.72,High value Customer
204,Dave Hallsten,75,83,74702.31,4.81,90.64,54.15,0.32,Very low value Customer
205,Dave Kipp,8,64,82521.58,69.85,50.19,62.81,4.72,High value Customer
206,Dave Poirier,6,62,182885.84,77.04,44.16,99.37,5.2,High value Customer
207,David Bremer,5,34,33300.28,81.65,0.63,3.52,5.51,Top Customer
208,David Flashing,9,52,52561.82,66.65,18.09,21.98,4.5,High value Customer
209,David Kendrick,10,58,129914.99,65.49,33.61,93.72,4.42,Medium value Customer
210,David Philippe,7,68,135140.01,73.44,62.19,94.35,4.96,High value Customer
211,David Smith,14,63,63557.36,56.77,47.17,38.07,3.83,Medium value Customer
212,David Wiener,6,56,44349.64,77.04,27.83,12.44,5.2,High value Customer
213,Dean Braden,7,73,54502.16,73.44,73.3,24.75,4.96,High value Customer
214,Dean Katz,1,56,47944.43,95.06,27.83,16.21,6.42,Top Customer
215,Dean percer,18,81,117043.2,48.88,87.63,88.69,3.3,Medium value Customer
216,Deanra Eno,19,55,66257.34,47.15,24.56,41.96,3.18,Medium value Customer
217,Deborah Brumfield,9,58,62570.53,66.65,33.61,36.18,4.5,High value Customer
218,Debra Catini,18,54,102782.36,48.88,21.8,80.4,3.3,Medium value Customer
219,Deirdre Greer,14,64,87294.88,56.77,50.19,67.71,3.83,Medium value Customer
220,Delfina Latchford,18,76,104851.88,48.88,79.27,82.16,3.3,Medium value Customer
221,Denise Leinenbach,12,75,78815.04,62.41,77.39,59.67,4.21,Medium value Customer
222,Denise Monton,2,59,135749.55,89.67,36.31,94.47,6.05,Top Customer
223,Dennis Bolton,47,52,41909.55,12.64,18.09,9.92,0.85,Very low value Customer
224,Dennis Kane,4,76,108735.01,85.31,79.27,84.8,5.76,Top Customer
225,Dennis Pardue,0,57,41344.05,100.0,30.59,9.42,6.75,Top Customer
226,Denny Blanton,28,51,109705.21,30.6,16.65,85.43,2.07,Low value Customer
227,Denny Joy,1,63,126707.12,95.06,47.17,92.84,6.42,Top Customer
228,Denny Ordway,36,83,91575.05,20.85,90.64,72.11,1.41,Very low value Customer
229,Dianna Arnett,13,60,92237.58,59.4,38.69,72.74,4.01,Medium value Customer
230,Dianna Vittorini,13,63,71295.51,59.4,47.17,48.62,4.01,Medium value Customer
231,Dianna Wilson,55,88,119456.55,8.08,96.36,89.32,0.55,Very low value Customer
232,Dionis Lloyd,22,56,85174.88,40.09,27.83,66.21,2.71,Medium value Customer
233,Don Jones,6,78,88886.46,77.04,84.17,69.1,5.2,High value Customer
234,Don Miller,35,52,66610.54,22.19,18.09,42.46,1.5,Very low value Customer
235,Don Weiss,12,62,59873.89,62.41,44.16,32.79,4.21,Medium value Customer
236,Dorothy Badders,5,49,45816.18,81.65,12.63,14.07,5.51,Top Customer
237,Dorothy Dickinson,41,66,51487.25,16.61,55.53,20.73,1.12,Very low value Customer
238,Dorothy Wardle,5,74,61236.23,81.65,75.38,33.79,5.51,Top Customer
239,Dorris liebe,5,58,54674.54,81.65,33.61,25.25,5.51,Top Customer
240,Doug Bickford,27,58,54460.11,32.78,33.61,24.62,2.21,Low value Customer
241,Doug Jacobs,12,54,85008.93,62.41,21.8,65.95,4.21,Medium value Customer
242,Doug O'Connell,26,68,58581.52,34.77,62.19,30.03,2.35,Low value Customer
243,Duane Benoit,12,42,65183.34,62.41,3.83,40.08,4.21,Medium value Customer
244,Duane Huffman,20,54,56865.82,45.09,21.8,28.14,3.04,Medium value Customer
245,Duane Noonan,12,60,60519.6,62.41,38.69,33.17,4.21,Medium value Customer
246,Ed Braxton,48,65,62284.49,11.8,52.95,35.3,0.8,Very low value Customer
247,Ed Jacobs,49,45,51160.78,10.78,7.1,20.23,0.73,Very low value Customer
248,Ed Ludwig,26,71,71825.71,34.77,69.54,49.37,2.35,Low value Customer
249,Edward Becker,32,49,44075.1,26.23,12.63,12.06,1.77,Low value Customer
250,Edward Hooks,2,84,88155.01,89.67,92.27,68.22,6.05,Top Customer
251,Edward Nazzal,14,46,25736.32,56.77,8.17,1.51,3.83,Medium value Customer
252,Eileen Kiefer,44,36,33281.73,13.66,1.44,3.39,0.92,Very low value Customer
253,Eleni McCrary,58,54,74779.73,6.67,21.8,54.27,0.45,Very low value Customer
254,Elizabeth Moffitt,55,64,49190.18,8.08,50.19,17.96,0.55,Very low value Customer
255,Ellis Ballard,2,57,106326.64,89.67,30.59,83.17,6.05,Top Customer
256,Elpida Rittenbach,53,53,124079.29,9.24,19.79,91.83,0.62,Very low value Customer
257,Emily Burns,15,35,26381.29,53.82,0.88,1.88,3.63,Medium value Customer
258,Emily Ducich,15,76,105207.13,53.82,79.27,82.29,3.63,Medium value Customer
259,Emily Grady,22,63,121335.13,40.09,47.17,90.2,2.71,Medium value Customer
260,Emily Phan,12,72,86951.91,62.41,71.48,67.46,4.21,Medium value Customer
261,Eric Barreto,7,48,52673.57,73.44,10.93,22.36,4.96,High value Customer
262,Eric Hoffmann,57,71,42187.52,7.31,69.54,10.55,0.49,Very low value Customer
263,Eric Murdock,2,100,149367.84,89.67,99.25,96.73,6.05,Top Customer
264,Erica Bern,0,77,69664.25,100.0,81.78,46.86,6.75,Top Customer
265,Erica Hackney,33,51,40287.48,25.02,16.65,8.42,1.69,Low value Customer
266,Erica Hernandez,2,57,58747.85,89.67,30.59,30.53,6.05,Top Customer
267,Erica Smith,0,67,68982.62,100.0,58.67,46.36,6.75,Top Customer
268,Erin Ashbrook,93,72,53453.85,2.82,71.48,23.49,0.19,Very low value Customer
269,Erin Creighton,53,58,31030.95,9.24,33.61,2.39,0.62,Very low value Customer
270,Erin Mull,16,62,80347.54,50.99,44.16,61.06,3.44,Medium value Customer
271,Erin Smith,28,74,75067.15,30.6,75.38,54.52,2.07,Low value Customer
272,Eudokia Martin,8,61,61193.91,69.85,41.33,33.54,4.72,High value Customer
273,Eugene Barchas,20,64,63370.54,45.09,50.19,37.81,3.04,Medium value Customer
274,Eugene Hildebrand,22,86,128326.85,40.09,94.6,93.22,2.71,Medium value Customer
275,Eugene Moren,24,94,120410.23,37.4,98.24,89.7,2.52,Medium value Customer
276,Eva Jacobs,22,49,65204.88,40.09,12.63,40.2,2.71,Medium value Customer
277,Evan Bailliet,19,47,36813.27,47.15,9.36,5.65,3.18,Medium value Customer
278,Evan Henry,67,61,76169.36,5.77,41.33,56.03,0.39,Very low value Customer
279,Evan Minnotte,41,66,97844.42,16.61,55.53,76.51,1.12,Very low value Customer
280,Filia McAdams,7,69,82235.29,73.44,65.45,62.44,4.96,High value Customer
281,Frank Atkinson,22,62,59419.36,40.09,44.16,31.78,2.71,Medium value Customer
282,Frank Carlisle,42,51,66824.7,15.52,16.65,42.84,1.05,Very low value Customer
283,Frank Gastineau,34,44,39595.17,23.54,6.16,8.17,1.59,Very low value Customer
284,Frank Hawley,4,48,81344.35,85.31,10.93,61.93,5.76,Top Customer
285,Frank Merwin,2,77,87234.67,89.67,81.78,67.59,6.05,Top Customer
286,Frank Olsen,22,85,89786.83,40.09,93.53,70.1,2.71,Medium value Customer
287,Frank Preis,23,55,45045.66,38.23,24.56,13.19,2.58,Medium value Customer
288,Fred Chung,107,51,38899.67,1.67,16.65,7.41,0.11,Very low value Customer
289,Fred Harton,1,42,48516.06,95.06,3.83,17.09,6.42,Top Customer
290,Fred Hopkins,1,82,162773.37,95.06,88.88,98.12,6.42,Top Customer
291,Fred McMath,1,46,34495.2,95.06,8.17,3.77,6.42,Top Customer
292,Fred Wasserman,0,72,68867.67,100.0,71.48,46.11,6.75,Top Customer
293,Gary Hansen,20,76,84861.78,45.09,79.27,65.7,3.04,Medium value Customer
294,Gary Hwang,18,102,121675.35,48.88,99.62,90.33,3.3,Medium value Customer
295,Gary McGarr,1,58,72647.65,95.06,33.61,50.88,6.42,Top Customer
296,Gary Mitchum,16,43,49084.26,50.99,4.96,17.46,3.44,Medium value Customer
297,Gary Zandusky,7,78,115727.59,73.44,84.17,87.94,4.96,High value Customer
298,Gene Hale,51,50,106892.78,9.81,14.64,83.29,0.66,Very low value Customer
299,Gene McClure,104,47,62694.59,1.86,9.36,36.43,0.13,Very low value Customer
300,George Ashbrook,22,58,64835.25,40.09,33.61,39.82,2.71,Medium value Customer
301,George Bell,33,56,94948.44,25.02,27.83,74.37,1.69,Low value Customer
302,George Zrebassa,30,52,78112.35,27.39,18.09,58.79,1.85,Low value Customer
303,Georgia Rosenberg,49,62,85670.88,10.78,44.16,66.46,0.73,Very low value Customer
304,Giulietta Baptist,13,66,56068.58,59.4,55.53,26.26,4.01,Medium value Customer
305,Giulietta Dortch,5,56,124249.94,81.65,27.83,92.09,5.51,Top Customer
306,Giulietta Weimer,14,57,100069.54,56.77,30.59,78.77,3.83,Medium value Customer
307,Grace Kelly,12,65,106311.48,62.41,52.95,83.04,4.21,Medium value Customer
308,Grant Thornton,9,48,84275.35,66.65,10.93,64.95,4.5,High value Customer
309,Greg Guthrie,33,75,61282.65,25.02,77.39,33.92,1.69,Low value Customer
310,Greg Hansen,1,65,65846.75,95.06,52.95,41.33,6.42,Top Customer
311,Greg Matthias,1,74,57752.12,95.06,75.38,28.89,6.42,Top Customer
312,Greg Maxwell,47,64,64624.88,12.64,50.19,39.45,0.85,Very low value Customer
313,Greg Tran,8,87,216108.56,69.85,95.6,99.87,4.72,High value Customer
314,Guy Armstrong,2,64,36143.14,89.67,50.19,4.65,6.05,Top Customer
315,Guy Phonely,1,74,66203.85,95.06,75.38,41.83,6.42,Top Customer
316,Guy Thornton,0,62,31199.21,100.0,44.16,2.51,6.75,Top Customer
317,Hallie Redmond,13,61,82610.03,59.4,41.33,63.07,4.01,Medium value Customer
318,Harold Dahlen,42,81,84206.06,15.52,87.63,64.82,1.05,Very low value Customer
319,Harold Engle,6,71,50439.24,77.04,69.54,19.47,5.2,High value Customer
320,Harold Pawlan,30,45,38487.06,27.39,7.1,7.04,1.85,Low value Customer
321,Harold Ryan,51,44,41328.31,9.81,6.16,9.17,0.66,Very low value Customer
322,Harry Greene,12,101,179105.83,62.41,99.37,99.25,4.21,Medium value Customer
323,Harry Marie,1,85,176853.54,95.06,93.53,98.99,6.42,Top Customer
324,Heather Jas,5,68,67834.56,81.65,62.19,44.35,5.51,Top Customer
325,Heather Kirkland,43,60,61228.96,14.56,38.69,33.67,0.98,Very low value Customer
326,Helen Abelman,13,62,72497.29,59.4,44.16,50.75,4.01,Medium value Customer
327,Helen Andreada,20,63,41010.07,45.09,47.17,9.05,3.04,Medium value Customer
328,Helen Wasserman,34,66,97898.78,23.54,55.53,76.63,1.59,Very low value Customer
329,Henia Zydlo,35,57,49187.0,22.19,30.59,17.84,1.5,Very low value Customer
330,Henry Goldwyn,23,71,90451.58,38.23,69.54,70.35,2.58,Medium value Customer
331,Henry MacAllister,25,64,75648.31,36.56,50.19,55.28,2.47,Low value Customer
332,Herbert Flentye,14,77,42765.13,56.77,81.78,11.06,3.83,Medium value Customer
333,Hilary Holden,54,57,72369.76,8.66,30.59,50.38,0.58,Very low value Customer
334,Hunter Glantz,6,67,81510.06,77.04,58.67,62.06,5.2,High value Customer
335,Hunter Lopez,30,53,127334.28,27.39,19.79,92.96,1.85,Low value Customer
336,Ionia McGrath,15,39,40370.0,53.82,2.39,8.67,3.63,Medium value Customer
337,Irene Maddox,40,82,113861.79,17.83,88.88,87.19,1.2,Very low value Customer
338,Ivan Gibson,1,77,68292.88,95.06,81.78,44.97,6.42,Top Customer
339,Ivan Liston,116,64,72821.01,1.28,50.19,51.38,0.09,Very low value Customer
340,Jack Garza,5,62,67917.11,81.65,44.16,44.47,5.51,Top Customer
341,Jack Lebron,8,83,83209.63,69.85,90.64,63.57,4.72,High value Customer
342,Jack O'Briant,5,51,57020.09,81.65,16.65,28.39,5.51,Top Customer
343,James Galang,1,83,98927.2,95.06,90.64,77.76,6.42,Top Customer
344,James Lanier,6,53,58828.46,77.04,19.79,31.03,5.2,High value Customer
345,Jamie Frazer,6,74,108004.32,77.04,75.38,84.42,5.2,High value Customer
346,Jamie Kunitz,61,50,84282.62,6.29,14.64,65.08,0.42,Very low value Customer
347,Jane Waco,12,75,151740.22,62.41,77.39,96.98,4.21,Medium value Customer
348,Janet Lee,1,69,98301.5,95.06,65.45,76.88,6.42,Top Customer
349,Janet Martin,6,67,98752.58,77.04,58.67,77.64,5.2,High value Customer
350,Janet Molinari,37,77,74619.49,19.69,81.78,54.02,1.33,Very low value Customer
351,Jas O'Carroll,14,44,40331.33,56.77,6.16,8.54,3.83,Medium value Customer
352,Jason Fortune-,56,73,134845.5,7.83,73.3,94.22,0.53,Very low value Customer
353,Jason Gross,2,55,69504.06,89.67,24.56,46.61,6.05,Top Customer
354,Jason Klamczynski,77,62,88298.56,4.04,44.16,68.59,0.27,Very low value Customer
355,Jasper Cacioppo,34,73,98467.89,23.54,73.3,77.14,1.59,Very low value Customer
356,Jay Fein,13,64,46692.25,59.4,50.19,15.2,4.01,Medium value Customer
357,Jay Kimmel,1,67,61546.23,95.06,58.67,34.3,6.42,Top Customer
358,Jenna Caffey,8,75,71066.32,69.85,77.39,48.24,4.72,High value Customer
359,Jennifer Braxton,7,73,62943.23,73.44,73.3,36.68,4.96,High value Customer
360,Jennifer Ferguson,2,66,111467.21,89.67,55.53,86.06,6.05,Top Customer
361,Jennifer Halladay,5,78,59501.02,81.65,84.17,32.04,5.51,Top Customer
362,Jennifer Jackson,19,41,52832.3,47.15,3.14,22.61,3.18,Medium value Customer
363,Jennifer Patt,36,78,73091.93,20.85,84.17,52.14,1.41,Very low value Customer
364,Jeremy Ellison,27,43,28350.21,32.78,4.96,2.14,2.21,Low value Customer
365,Jeremy Farry,4,57,46001.62,85.31,30.59,14.2,5.76,Top Customer
366,Jeremy Lonsdale,30,48,69504.19,27.39,10.93,46.73,1.85,Low value Customer
367,Jeremy Pistek,8,74,72369.2,69.85,75.38,50.25,4.72,High value Customer
368,Jessica Myrick,14,51,36510.9,56.77,16.65,5.15,3.83,Medium value Customer
369,Jesus Ocampo,12,53,32445.13,62.41,19.79,3.14,4.21,Medium value Customer
370,Jill Fjeld,1,78,112849.74,95.06,84.17,86.93,6.42,Top Customer
371,Jill Matthias,0,58,62814.6,100.0,33.61,36.56,6.75,Top Customer
372,Jill Stevenson,5,49,54158.33,81.65,12.63,24.37,5.51,Top Customer
373,Jim Epp,42,64,54940.0,15.52,50.19,25.75,1.05,Very low value Customer
374,Jim Karlsson,1,69,74975.7,95.06,65.45,54.4,6.42,Top Customer
375,Jim Kriz,0,43,69195.12,100.0,4.96,46.48,6.75,Top Customer
376,Jim Mitchum,8,84,77403.23,69.85,92.27,58.42,4.72,High value Customer
377,Jim Radford,12,48,65366.19,62.41,10.93,40.7,4.21,Medium value Customer
378,Jim Sink,40,69,76826.88,17.83,65.45,57.66,1.2,Very low value Customer
379,Jocasta Rupert,7,36,65970.3,73.44,1.44,41.46,4.96,High value Customer
380,Joe Elijah,9,82,131849.26,66.65,88.88,93.84,4.5,High value Customer
381,Joe Kamberova,48,91,129257.18,11.8,97.3,93.47,0.8,Very low value Customer
382,Joel Eaton,32,87,107105.96,26.23,95.6,83.79,1.77,Low value Customer
383,Joel Jenkins,2,83,89083.12,89.67,90.64,69.47,6.05,Top Customer
384,John Castell,1,53,52648.74,95.06,19.79,22.24,6.42,Top Customer
385,John Dryer,15,48,66755.33,53.82,10.93,42.59,3.63,Medium value Customer
386,John Grady,0,95,110189.74,100.0,98.56,85.55,6.75,Top Customer
387,John Huston,13,83,136669.42,59.4,90.64,94.72,4.01,Medium value Customer
388,John Lee,21,72,143140.41,42.66,71.48,95.73,2.88,Medium value Customer
389,John Lucas,44,50,41332.36,13.66,14.64,9.3,0.92,Very low value Customer
390,John Murray,68,79,122387.73,5.64,85.99,90.7,0.38,Very low value Customer
391,John Stevenson,11,42,75677.37,64.79,3.83,55.4,4.37,Medium value Customer
392,Jonathan Doherty,2,86,103352.58,89.67,94.6,80.9,6.05,Top Customer
393,Jonathan Howell,40,81,74178.18,17.83,87.63,53.27,1.2,Very low value Customer
394,Joni Blumstein,9,59,57793.35,66.65,36.31,29.15,4.5,High value Customer
395,Joni Sundaresam,5,53,23251.5,81.65,19.79,1.01,5.51,Top Customer
396,Joni Wasserman,5,60,54541.39,81.65,38.69,25.13,5.51,Top Customer
397,Joseph Airdo,0,76,96343.45,100.0,79.27,75.25,6.75,Top Customer
398,Joseph Holt,11,85,136843.5,64.79,93.53,94.97,4.37,Medium value Customer
399,Joy Bell-,1,84,117011.59,95.06,92.27,88.57,6.42,Top Customer
400,Joy Daniels,42,67,57859.33,15.52,58.67,29.27,1.05,Very low value Customer
401,Joy Smith,21,70,102370.18,42.66,67.71,80.15,2.88,Medium value Customer
402,Julia Barnett,0,57,92498.49,100.0,30.59,72.99,6.75,Top Customer
403,Julia Dunbar,65,48,49669.57,5.9,10.93,18.34,0.4,Very low value Customer
404,Julia West,1,61,109536.61,95.06,41.33,85.18,6.42,Top Customer
405,Juliana Krohn,8,83,99720.22,69.85,90.64,78.39,4.72,High value Customer
406,Julie Creighton,57,63,72771.37,7.31,47.17,51.13,0.49,Very low value Customer
407,Julie Kriz,97,65,87904.93,2.44,52.95,67.84,0.16,Very low value Customer
408,Julie Prescott,26,76,62519.02,34.77,79.27,35.93,2.35,Low value Customer
409,Justin Deggeller,0,71,105655.25,100.0,69.54,82.66,6.75,Top Customer
410,Justin Ellison,20,53,63346.72,45.09,19.79,37.69,3.04,Medium value Customer
411,Justin Hirsh,27,81,123319.57,32.78,87.63,91.21,2.21,Low value Customer
412,Justin MacKendrick,12,53,32138.26,62.41,19.79,3.02,4.21,Medium value Customer
413,Justin Ritter,18,57,70377.82,48.88,30.59,47.74,3.3,Medium value Customer
414,Kai Rey,586,7,9880.23,0.13,0.13,0.13,0.01,Very low value Customer
415,Kalyca Meade,0,43,45760.1,100.0,4.96,13.82,6.75,Top Customer
416,Karen Bern,4,55,57517.66,85.31,24.56,28.77,5.76,Top Customer
417,Karen Carlisle,44,63,41957.42,13.66,47.17,10.05,0.92,Very low value Customer
418,Karen Daniels,36,64,126478.97,20.85,50.19,92.71,1.41,Very low value Customer
419,Karen Ferguson,32,62,96994.52,26.23,44.16,75.88,1.77,Low value Customer
420,Karen Seio,35,43,23053.86,22.19,4.96,0.88,1.5,Very low value Customer
421,Karl Braun,2,93,75381.02,89.67,97.93,55.03,6.05,Top Customer
422,Katharine Harms,16,74,83079.17,50.99,75.38,63.44,3.44,Medium value Customer
423,Katherine Ducich,41,39,56400.7,16.61,2.39,26.76,1.12,Very low value Customer
424,Katherine Hughes,1,75,46732.54,95.06,77.39,15.33,6.42,Top Customer
425,Katherine Murray,2,81,76193.96,89.67,87.63,56.16,6.05,Top Customer
426,Katherine Nockton,19,59,123456.78,47.15,36.31,91.33,3.18,Medium value Customer
427,Katrina Bavinger,19,68,71826.54,47.15,62.19,49.5,3.18,Medium value Customer
428,Katrina Edelman,26,67,70350.61,34.77,58.67,47.49,2.35,Low value Customer
429,Katrina Willman,26,58,79264.04,34.77,33.61,60.3,2.35,Low value Customer
430,Kean Nguyen,37,66,91771.97,19.69,55.53,72.36,1.33,Very low value Customer
431,Kean Takahito,43,82,82480.48,14.56,88.88,62.69,0.98,Very low value Customer
432,Kean Thornton,27,45,28978.54,32.78,7.1,2.26,2.21,Low value Customer
433,Keith Dawkins,46,78,113661.11,12.96,84.17,87.06,0.87,Very low value Customer
434,Keith Herrera,15,79,98625.73,53.82,85.99,77.51,3.63,Medium value Customer
435,Kelly Andreada,16,86,83758.06,50.99,94.6,64.07,3.44,Medium value Customer
436,Kelly Collister,33,55,128874.3,25.02,24.56,93.34,1.69,Low value Customer
437,Kelly Lampkin,15,86,59030.64,53.82,94.6,31.28,3.63,Medium value Customer
438,Kelly Williams,22,71,44814.18,40.09,69.54,12.69,2.71,Medium value Customer
439,Ken Black,93,66,85772.98,2.82,55.53,66.58,0.19,Very low value Customer
440,Ken Brennan,1,56,59773.5,95.06,27.83,32.54,6.42,Top Customer
441,Ken Dana,75,56,76026.31,4.81,27.83,55.78,0.32,Very low value Customer
442,Ken Heidel,8,57,52991.75,69.85,30.59,23.12,4.72,High value Customer
443,Ken Lonsdale,0,82,107086.69,100.0,88.88,83.54,6.75,Top Customer
444,Khloe Miller,15,61,49423.68,53.82,41.33,18.09,3.63,Medium value Customer
445,Kimberly Carter,2,53,72960.61,89.67,19.79,51.76,6.05,Top Customer
446,Kristen Hastings,2,88,97716.46,89.67,96.36,76.26,6.05,Top Customer
447,Kristina Nunn,98,46,46950.08,2.12,8.17,15.7,0.14,Very low value Customer
448,Kunst Miller,28,69,77472.3,30.6,65.45,58.67,2.07,Low value Customer
449,Larry Blacks,9,63,62644.23,66.65,47.17,36.31,4.5,High value Customer
450,Larry Hughes,12,50,43275.05,62.41,14.64,11.68,4.21,Medium value Customer
451,Larry Tron,6,56,82440.45,77.04,27.83,62.56,5.2,High value Customer
452,Laura Armstrong,1,86,148239.52,95.06,94.6,96.61,6.42,Top Customer
453,Laurel Beltran,39,87,166729.8,18.79,95.6,98.49,1.27,Very low value Customer
454,Laurel Elliston,14,61,47904.13,56.77,41.33,16.08,3.83,Medium value Customer
455,Laurel Workman,22,63,45590.5,40.09,47.17,13.57,2.71,Medium value Customer
456,Lauren Leatherbury,26,66,78900.91,34.77,55.53,59.8,2.35,Low value Customer
457,Lela Donovan,42,71,79280.97,15.52,69.54,60.43,1.05,Very low value Customer
458,Lena Cacioppo,23,66,45016.8,38.23,55.53,13.07,2.58,Medium value Customer
459,Lena Creighton,16,69,78339.74,50.99,65.45,58.92,3.44,Medium value Customer
460,Lena Hernandez,21,55,70029.99,42.66,24.56,47.11,2.88,Medium value Customer
461,Lena Radford,26,65,95913.01,34.77,52.95,75.0,2.35,Low value Customer
462,Linda Cazamias,41,67,83847.66,16.61,58.67,64.45,1.12,Very low value Customer
463,Linda Southworth,6,63,50681.01,77.04,47.17,19.72,5.2,High value Customer
464,Lindsay Castell,2,50,73810.91,89.67,14.64,52.89,6.05,Top Customer
465,Lindsay Shagiari,20,59,36628.92,45.09,36.31,5.4,3.04,Medium value Customer
466,Lindsay Williams,14,58,56848.95,56.77,33.61,28.02,3.83,Medium value Customer
467,Lisa DeCherney,43,58,48968.16,14.56,33.61,17.34,0.98,Very low value Customer
468,Lisa Hazard,41,43,41755.19,16.61,4.96,9.8,1.12,Very low value Customer
469,Lisa Ryan,45,78,83774.67,13.15,84.17,64.2,0.89,Very low value Customer
470,Liz Carlisle,4,58,111321.11,85.31,33.61,85.93,5.76,Top Customer
471,Liz MacKendrick,7,50,80420.27,73.44,14.64,61.18,4.96,High value Customer
472,Liz Pelletier,40,54,42885.12,17.83,21.8,11.18,1.2,Very low value Customer
473,Liz Preis,0,71,67162.51,100.0,69.54,43.47,6.75,Top Customer
474,Liz Thompson,34,74,123525.13,23.54,75.38,91.46,1.59,Very low value Customer
475,Liz Willingham,33,41,31634.35,25.02,3.14,2.89,1.69,Low value Customer
476,Logan Currie,13,71,75344.8,59.4,69.54,54.9,4.01,Medium value Customer
477,Logan Haushalter,75,72,76401.69,4.81,71.48,56.66,0.32,Very low value Customer
478,Lori Olson,2,69,63162.06,89.67,65.45,37.19,6.05,Top Customer
479,Luke Foster,22,61,74323.81,40.09,41.33,53.77,2.71,Medium value Customer
480,Luke Schmidt,15,57,63895.21,53.82,30.59,38.44,3.63,Medium value Customer
481,Luke Weiss,21,53,54524.87,42.66,19.79,25.0,2.88,Medium value Customer
482,Lycoris Saunders,4,79,38730.84,85.31,85.99,7.16,5.76,Top Customer
483,Lynn Smith,34,54,55518.82,23.54,21.8,26.01,1.59,Very low value Customer
484,Magdelene Morse,4,66,111967.41,85.31,55.53,86.31,5.76,Top Customer
485,Marc Crier,44,69,65776.79,13.66,65.45,41.21,0.92,Very low value Customer
486,Marc Harrigan,37,64,73614.95,19.69,50.19,52.64,1.33,Very low value Customer
487,Maria Bertelson,1,60,160271.0,95.06,38.69,97.86,6.42,Top Customer
488,Maria Etezadi,5,84,136685.0,81.65,92.27,94.85,5.51,Top Customer
489,Maria Zettner,21,53,93796.86,42.66,19.79,73.74,2.88,Medium value Customer
490,Maribeth Dona,26,70,91535.24,34.77,67.71,71.86,2.35,Low value Customer
491,Maribeth Schnelling,5,79,113935.91,81.65,85.99,87.31,5.51,Top Customer
492,Maribeth Yedwab,29,56,83704.14,28.74,27.83,63.94,1.94,Low value Customer
493,Marina Lichtenstein,0,57,102823.35,100.0,30.59,80.53,6.75,Top Customer
494,Maris LaWare,33,60,65630.92,25.02,38.69,40.95,1.69,Low value Customer
495,Mark Cousins,23,74,93147.92,38.23,75.38,73.12,2.58,Medium value Customer
496,Mark Haberlin,8,73,42063.02,69.85,73.3,10.3,4.72,High value Customer
497,Mark Hamilton,54,64,58110.05,8.66,50.19,29.52,0.58,Very low value Customer
498,Mark Packer,5,52,56416.26,81.65,18.09,27.01,5.51,Top Customer
499,Mark Van Huff,16,57,39305.55,50.99,30.59,8.04,3.44,Medium value Customer
500,Mary O'Rourke,36,57,43028.83,20.85,30.59,11.31,1.41,Very low value Customer
501,Mary Zewe,23,77,71931.31,38.23,81.78,49.62,2.58,Medium value Customer
502,MaryBeth Skach,15,63,66798.88,53.82,47.17,42.71,3.63,Medium value Customer
503,Mathew Reese,97,76,92018.91,2.44,79.27,72.49,0.16,Very low value Customer
504,Matt Abelman,64,82,44981.38,6.09,88.88,12.81,0.41,Very low value Customer
505,Matt Collins,9,75,90182.0,66.65,77.39,70.23,4.5,High value Customer
506,Matt Collister,51,55,52901.08,9.81,24.56,22.86,0.66,Very low value Customer
507,Matt Connell,49,58,52927.7,10.78,33.61,22.99,0.73,Very low value Customer
508,Matt Hagelstein,23,60,42739.69,38.23,38.69,10.8,2.58,Medium value Customer
509,Matthew Clasen,5,80,128073.73,81.65,87.06,93.09,5.51,Top Customer
510,Matthew Grinstein,19,51,56212.21,47.15,16.65,26.51,3.18,Medium value Customer
511,Maureen Fritzler,48,56,56499.13,11.8,27.83,27.14,0.8,Very low value Customer
512,Maureen Gastineau,36,83,94320.8,20.85,90.64,73.87,1.41,Very low value Customer
513,Maureen Gnade,0,74,107240.08,100.0,75.38,84.05,6.75,Top Customer
514,Maurice Satty,29,61,41640.99,28.74,41.33,9.67,1.94,Low value Customer
515,Max Engle,11,72,35964.72,64.79,71.48,4.27,4.37,Medium value Customer
516,Max Jones,21,60,63099.55,42.66,38.69,37.06,2.88,Medium value Customer
517,Max Ludwig,1,63,77459.87,95.06,47.17,58.54,6.42,Top Customer
518,Maxwell Schwartz,34,73,93552.26,23.54,73.3,73.62,1.59,Very low value Customer
519,Maya Herman,0,62,57768.29,100.0,44.16,29.02,6.75,Top Customer
520,Meg O'Connel,6,58,110963.28,77.04,33.61,85.68,5.2,High value Customer
521,Meg Tillman,49,59,76407.8,10.78,36.31,56.78,0.73,Very low value Customer
522,Melanie Seite,4,70,82154.51,85.31,67.71,62.31,5.76,Top Customer
523,Michael Chen,1,65,49093.7,95.06,52.95,17.59,6.42,Top Customer
524,Michael Dominguez,36,59,155224.95,20.85,36.31,97.49,1.41,Very low value Customer
525,Michael Grace,5,61,72089.98,81.65,41.33,49.75,5.51,Top Customer
526,Michael Granlund,5,63,79355.08,81.65,47.17,60.55,5.51,Top Customer
527,Michael Kennedy,21,74,63846.8,42.66,75.38,38.32,2.88,Medium value Customer
528,Michael Moore,7,78,111526.48,73.44,84.17,86.18,4.96,High value Customer
529,Michael Nguyen,8,55,78342.34,69.85,24.56,59.05,4.72,High value Customer
530,Michael Oakman,6,29,17070.44,77.04,0.25,0.38,5.2,High value Customer
531,Michael Paige,27,94,78508.67,32.78,98.24,59.3,2.21,Low value Customer
532,Michael Stewart,6,77,88820.08,77.04,81.78,68.84,5.2,High value Customer
533,Michelle Arnett,16,59,54904.44,50.99,36.31,25.63,3.44,Medium value Customer
534,Michelle Ellison,42,49,37843.19,15.52,12.63,6.16,1.05,Very low value Customer
535,Michelle Huthwaite,14,50,62541.65,56.77,14.64,36.06,3.83,Medium value Customer
536,Michelle Lonsdale,7,47,48450.72,73.44,9.36,16.96,4.96,High value Customer
537,Michelle Moray,15,66,48092.09,53.82,55.53,16.71,3.63,Medium value Customer
538,Michelle Tran,127,68,93310.68,0.64,62.19,73.24,0.04,Very low value Customer
539,Mick Brown,11,71,79062.12,64.79,69.54,60.05,4.37,Medium value Customer
540,Mick Crebagga,41,62,49710.97,16.61,44.16,18.59,1.12,Very low value Customer
541,Mick Hernandez,5,67,54358.83,81.65,58.67,24.5,5.51,Top Customer
542,Mike Caudle,51,57,45676.09,9.81,30.59,13.69,0.66,Very low value Customer
543,Mike Gockenbach,2,51,123964.56,89.67,16.65,91.71,6.05,Top Customer
544,Mike Kennedy,22,82,53737.33,40.09,88.88,23.99,2.71,Medium value Customer
545,Mike Pelletier,16,82,94570.1,50.99,88.88,73.99,3.44,Medium value Customer
546,Mike Vittorini,7,62,100227.35,73.44,44.16,78.89,4.96,High value Customer
547,Mitch Gastineau,1,68,77168.53,95.06,62.19,58.04,6.42,Top Customer
548,Mitch Webber,17,74,120965.91,49.65,75.38,90.08,3.35,Medium value Customer
549,Mitch Willingham,0,66,76243.34,100.0,55.53,56.28,6.75,Top Customer
550,Monica Federle,7,86,119791.03,73.44,94.6,89.45,4.96,High value Customer
551,Muhammed Lee,8,71,62265.5,69.85,69.54,35.18,4.72,High value Customer
552,Muhammed MacIntyre,12,55,43541.93,62.41,24.56,11.81,4.21,Medium value Customer
553,Muhammed Yedwab,0,108,144857.51,100.0,100.0,95.98,6.75,Top Customer
554,Nancy Lomonaco,25,43,50745.4,36.56,4.96,19.85,2.47,Low value Customer
555,Naresj Patel,1,65,46999.4,95.06,52.95,15.83,6.42,Top Customer
556,Nat Carroll,5,76,66841.77,81.65,79.27,42.96,5.51,Top Customer
557,Nat Gilpin,48,66,40017.11,11.8,55.53,8.29,0.8,Very low value Customer
558,Natalie DeCherney,12,63,68258.06,62.41,47.17,44.85,4.21,Medium value Customer
559,Natalie Fritzler,1,95,147030.12,95.06,98.56,96.48,6.42,Top Customer
560,Natalie Webber,117,79,122215.03,1.15,85.99,90.45,0.08,Very low value Customer
561,Nathan Cano,39,49,47994.19,18.79,12.63,16.58,1.27,Very low value Customer
562,Nathan Gelder,18,65,101888.44,48.88,52.95,79.77,3.3,Medium value Customer
563,Nathan Mautz,30,75,97043.82,27.39,77.39,76.01,1.85,Low value Customer
564,Neil Ducich,5,57,74195.52,81.65,30.59,53.39,5.51,Top Customer
565,Neil Französisch,6,62,47864.79,77.04,44.16,15.95,5.2,High value Customer
566,Neil Knudson,26,63,66507.84,34.77,47.17,42.34,2.35,Low value Customer
567,Neola Schneider,6,75,86465.58,77.04,77.39,66.96,5.2,High value Customer
568,Neoma Murray,19,54,80689.13,47.15,21.8,61.43,3.18,Medium value Customer
569,Nick Crebassa,6,50,44811.94,77.04,14.64,12.56,5.2,High value Customer
570,Nick Radford,2,68,44075.13,89.67,62.19,12.19,6.05,Top Customer
571,Nick Zandusky,85,66,107218.27,3.46,55.53,83.92,0.23,Very low value Customer
572,Nicole Brennan,428,31,25811.82,0.26,0.44,1.63,0.02,Very low value Customer
573,Nicole Fjeld,11,43,58536.08,64.79,4.96,29.9,4.37,Medium value Customer
574,Nicole Hansen,5,72,96474.37,81.65,71.48,75.38,5.51,Top Customer
575,Noah Childs,20,59,90618.23,45.09,36.31,70.73,3.04,Medium value Customer
576,Noel Staavos,36,92,70873.3,20.85,97.68,48.12,1.41,Very low value Customer
577,Nona Balk,19,51,45773.49,47.15,16.65,13.94,3.18,Medium value Customer
578,Nora Paige,58,48,61644.04,6.67,10.93,34.55,0.45,Very low value Customer
579,Nora Pelletier,14,66,76070.43,56.77,55.53,55.9,3.83,Medium value Customer
580,Nora Preis,28,62,99601.68,30.6,44.16,78.14,2.07,Low value Customer
581,Odella Nelson,47,74,112100.18,12.64,75.38,86.43,0.85,Very low value Customer
582,Olvera Toch,33,73,94718.06,25.02,73.3,74.25,1.69,Low value Customer
583,Pamela Coakley,2,48,53635.39,89.67,10.93,23.74,6.05,Top Customer
584,Pamela Stobb,29,66,86869.39,28.74,55.53,67.21,1.94,Low value Customer
585,Parhena Norris,15,58,59824.18,53.82,33.61,32.66,3.63,Medium value Customer
586,Patricia Hirasaki,57,41,41984.27,7.31,3.14,10.18,0.49,Very low value Customer
587,Patrick Bzostek,8,62,52466.19,69.85,44.16,21.73,4.72,High value Customer
588,Patrick Gardner,20,78,82627.28,45.09,84.17,63.19,3.04,Medium value Customer
589,Patrick Jones,39,45,137449.86,18.79,7.1,95.1,1.27,Very low value Customer
590,Patrick O'Brill,4,102,161127.79,85.31,99.62,97.99,5.76,Top Customer
591,Patrick O'Donnell,0,78,154859.0,100.0,84.17,97.36,6.75,Top Customer
592,Patrick Ryan,25,72,67516.51,36.56,71.48,43.72,2.47,Low value Customer
593,Paul Gonzalez,2,92,68237.96,89.67,97.68,44.72,6.05,Top Customer
594,Paul Knutson,98,39,36654.71,2.12,2.39,5.53,0.14,Very low value Customer
595,Paul Lucas,15,47,62363.87,53.82,9.36,35.55,3.63,Medium value Customer
596,Paul MacIntyre,21,48,90949.98,42.66,10.93,70.98,2.88,Medium value Customer
597,Paul Prost,14,79,116482.86,56.77,85.99,88.19,3.83,Medium value Customer
598,Paul Stevenson,27,68,87910.14,32.78,62.19,67.96,2.21,Low value Customer
599,Paul Van Hugh,8,65,115488.09,69.85,52.95,87.81,4.72,High value Customer
600,Pauline Chand,21,47,60879.43,42.66,9.36,33.29,2.88,Medium value Customer
601,Pauline Johnson,19,65,115949.6,47.15,52.95,88.07,3.18,Medium value Customer
602,Pauline Webber,7,69,64622.32,73.44,65.45,39.32,4.96,High value Customer
603,Penelope Sewall,20,82,142010.95,45.09,88.88,95.6,3.04,Medium value Customer
604,Pete Armstrong,23,56,70269.84,38.23,27.83,47.24,2.58,Medium value Customer
605,Pete Kriz,8,73,88291.01,69.85,73.3,68.47,4.72,High value Customer
606,Pete Takahito,2,51,65330.05,89.67,16.65,40.45,6.05,Top Customer
607,Peter Bühler,0,47,51420.68,100.0,9.36,20.6,6.75,Top Customer
608,Peter Fuller,83,87,178067.58,3.72,95.6,99.12,0.25,Very low value Customer
609,Peter McVee,12,46,50982.96,62.41,8.17,20.1,4.21,Medium value Customer
610,Philip Brown,5,76,43942.53,81.65,79.27,11.93,5.51,Top Customer
611,Philip Fox,34,67,96985.4,23.54,58.67,75.75,1.59,Very low value Customer
612,Philisse Overcash,29,73,99734.02,28.74,73.3,78.52,1.94,Low value Customer
613,Phillina Ober,33,69,105982.94,25.02,65.45,82.79,1.69,Low value Customer
614,Phillip Breyer,8,84,104771.24,69.85,92.27,81.91,4.72,High value Customer
615,Phillip Flathmann,2,68,61591.06,89.67,62.19,34.42,6.05,Top Customer
616,Pierre Wener,1,61,24226.78,95.06,41.33,1.13,6.42,Top Customer
617,Quincy Jones,25,53,103078.49,36.56,19.79,80.78,2.47,Low value Customer
618,Rachel Payne,7,74,76574.0,73.44,75.38,57.16,4.96,High value Customer
619,Ralph Arnett,5,88,107958.34,81.65,96.36,84.17,5.51,Top Customer
620,Ralph Kennedy,28,64,68576.64,30.6,50.19,45.6,2.07,Low value Customer
621,Ralph Ritter,19,54,54876.63,47.15,21.8,25.5,3.18,Medium value Customer
622,Randy Bradley,15,83,98450.04,53.82,90.64,77.01,3.63,Medium value Customer
623,Randy Ferguson,6,63,71211.84,77.04,47.17,48.37,5.2,High value Customer
624,Raymond Buch,20,71,144069.47,45.09,69.54,95.85,3.04,Medium value Customer
625,Raymond Messe,9,61,88488.18,66.65,41.33,68.72,4.5,High value Customer
626,Resi Pölking,15,91,104737.68,53.82,97.3,81.78,3.63,Medium value Customer
627,Ricardo Emerson,28,59,73288.5,30.6,36.31,52.26,2.07,Low value Customer
628,Ricardo Sperren,33,68,54973.23,25.02,62.19,25.88,1.69,Low value Customer
629,Richard Bierner,19,67,72350.17,47.15,58.67,50.13,3.18,Medium value Customer
630,Richard Eichhorn,15,67,71436.6,53.82,58.67,48.74,3.63,Medium value Customer
631,Rick Bensley,0,79,122770.01,100.0,85.99,90.95,6.75,Top Customer
632,Rick Duston,0,66,91527.8,100.0,55.53,71.73,6.75,Top Customer
633,Rick Hansen,24,56,98490.07,37.4,27.83,77.26,2.52,Medium value Customer
634,Rick Huthwaite,20,58,56616.77,45.09,33.61,27.51,3.04,Medium value Customer
635,Rick Reed,0,73,78930.38,100.0,73.3,59.92,6.75,Top Customer
636,Rick Wilson,26,68,136373.03,34.77,62.19,94.6,2.35,Low value Customer
637,Ritsa Hightower,7,60,100335.04,73.44,38.69,79.02,4.96,High value Customer
638,Rob Beeghly,20,62,64732.48,45.09,44.16,39.7,3.04,Medium value Customer
639,Rob Dowd,25,90,103008.97,36.56,96.98,80.65,2.47,Low value Customer
640,Rob Haberlin,6,47,35606.04,77.04,9.36,4.15,5.2,High value Customer
641,Rob Lucas,120,65,72437.12,0.9,52.95,50.5,0.06,Very low value Customer
642,Rob Williams,77,48,37821.0,4.04,10.93,6.03,0.27,Very low value Customer
643,Robert Barroso,150,45,22771.94,0.51,7.1,0.63,0.03,Very low value Customer
644,Robert Dilbeck,27,56,64582.51,32.78,27.83,39.07,2.21,Low value Customer
645,Robert Marley,4,47,58734.25,85.31,9.36,30.4,5.76,Top Customer
646,Robert Waldorf,15,64,61657.72,53.82,50.19,34.67,3.63,Medium value Customer
647,Roger Barcio,16,54,51332.36,50.99,21.8,20.48,3.44,Medium value Customer
648,Roger Demir,21,77,68884.28,42.66,81.78,46.23,2.88,Medium value Customer
649,Roland Fjeld,1,59,56405.89,95.06,36.31,26.88,6.42,Top Customer
650,Roland Murray,16,37,40935.35,50.99,1.88,8.79,3.44,Medium value Customer
651,Roland Schwarz,36,49,72819.17,20.85,12.63,51.26,1.41,Very low value Customer
652,Rose O'Brian,4,79,112683.24,85.31,85.99,86.68,5.76,Top Customer
653,Ross Baird,30,77,102700.06,27.39,81.78,80.28,1.85,Low value Customer
654,Ross DeVincentis,14,70,57172.99,56.77,67.71,28.64,3.83,Medium value Customer
655,Roy Collins,118,45,38989.5,1.03,7.1,7.54,0.07,Very low value Customer
656,Roy Französisch,6,77,89463.61,77.04,81.78,69.6,5.2,High value Customer
657,Roy Phan,21,72,58807.25,42.66,71.48,30.78,2.88,Medium value Customer
658,Roy Skaria,19,56,38834.03,47.15,27.83,7.29,3.18,Medium value Customer
659,Ruben Ausman,43,75,68475.51,14.56,77.39,45.48,0.98,Very low value Customer
660,Ruben Dartt,32,86,89548.23,26.23,94.6,69.72,1.77,Low value Customer
661,Russell Applegate,12,76,96739.38,62.41,79.27,75.5,4.21,Medium value Customer
662,Russell D'Ascenzo,28,71,79749.49,30.6,69.54,60.8,2.07,Low value Customer
663,Ryan Akin,1,55,58294.03,95.06,24.56,29.65,6.42,Top Customer
664,Ryan Crowe,22,50,35997.79,40.09,14.64,4.4,2.71,Medium value Customer
665,Sally Hughsby,25,77,117497.15,36.56,81.78,88.82,2.47,Low value Customer
666,Sally Knutson,8,62,62510.28,69.85,44.16,35.8,4.72,High value Customer
667,Sally Matthias,104,54,58614.67,1.86,21.8,30.28,0.13,Very low value Customer
668,Sam Craven,8,69,51750.76,69.85,65.45,21.23,4.72,High value Customer
669,Sam Zeldin,13,77,79247.12,59.4,81.78,60.18,4.01,Medium value Customer
670,Sample Company A,40,83,77163.83,17.83,90.64,57.91,1.2,Very low value Customer
671,Sandra Flanagan,58,51,56104.25,6.67,16.65,26.38,0.45,Very low value Customer
672,Sandra Glassco,3,50,46151.8,86.79,14.64,14.57,5.86,Top Customer
673,Sanjit Chand,75,69,123566.9,4.81,65.45,91.58,0.32,Very low value Customer
674,Sanjit Engle,9,82,129505.67,66.65,88.88,93.59,4.5,High value Customer
675,Sanjit Jacobs,32,79,61319.28,26.23,85.99,34.05,1.77,Low value Customer
676,Saphhira Shifley,15,84,145192.95,53.82,92.27,96.11,3.63,Medium value Customer
677,Sara Luxemburg,29,82,78431.49,28.74,88.88,59.17,1.94,Low value Customer
678,Sarah Bern,2,50,73382.02,89.67,14.64,52.51,6.05,Top Customer
679,Sarah Brown,74,71,116639.1,5.26,69.54,88.32,0.36,Very low value Customer
680,Sarah Foster,5,72,88188.05,81.65,71.48,68.34,5.51,Top Customer
681,Sarah Jordon,28,79,77241.48,30.6,85.99,58.17,2.07,Low value Customer
682,Scot Coram,16,64,132936.51,50.99,50.19,93.97,3.44,Medium value Customer
683,Scot Wooten,12,56,71457.72,62.41,27.83,48.87,4.21,Medium value Customer
684,Scott Cohen,0,74,57940.53,100.0,75.38,29.4,6.75,Top Customer
685,Scott Williamson,21,68,84313.82,42.66,62.19,65.33,2.88,Medium value Customer
686,Sean Braxton,41,52,104777.73,16.61,18.09,82.04,1.12,Very low value Customer
687,Sean Christensen,16,76,141878.67,50.99,79.27,95.48,3.44,Medium value Customer
688,Sean Miller,21,50,195868.16,42.66,14.64,99.62,2.88,Medium value Customer
689,Sean O'Donnell,29,60,72334.96,28.74,38.69,50.0,1.94,Low value Customer
690,Sean Wendt,12,46,36103.81,62.41,8.17,4.52,4.21,Medium value Customer
691,Seth Vernon,87,85,133572.43,3.34,93.53,94.1,0.23,Very low value Customer
692,Shahid Collister,30,85,85109.15,27.39,93.53,66.08,1.85,Low value Customer
693,Shahid Hopkins,23,68,58819.3,38.23,62.19,30.9,2.58,Medium value Customer
694,Shahid Shariari,26,67,107960.98,34.77,58.67,84.3,2.35,Low value Customer
695,Sharelle Roach,8,52,59529.01,69.85,18.09,32.16,4.72,High value Customer
696,Shaun Chance,9,56,34612.91,66.65,27.83,3.89,4.5,High value Customer
697,Shaun Weien,7,42,22893.99,73.44,3.83,0.75,4.96,High value Customer
698,Sheri Gordon,90,59,63538.98,3.08,36.31,37.94,0.21,Very low value Customer
699,Shirley Daniels,15,85,66428.45,53.82,93.53,42.21,3.63,Medium value Customer
700,Shirley Jackson,175,52,68369.15,0.38,18.09,45.1,0.03,Very low value Customer
701,Shirley Schmidt,0,36,39117.69,100.0,1.44,7.91,6.75,Top Customer
702,Shui Tom,6,65,80344.93,77.04,52.95,60.93,5.2,High value Customer
703,Sibella Parks,16,36,38182.24,50.99,1.44,6.66,3.44,Medium value Customer
704,Skye Norling,13,67,76627.19,59.4,58.67,57.29,4.01,Medium value Customer
705,Sonia Cooley,27,57,46409.67,32.78,30.59,14.82,2.21,Low value Customer
706,Sonia Sunley,5,61,64476.73,81.65,41.33,38.94,5.51,Top Customer
707,Speros Goranitis,75,66,68690.39,4.81,55.53,45.73,0.32,Very low value Customer
708,Stefania Perrino,5,78,104697.66,81.65,84.17,81.66,5.51,Top Customer
709,Stefanie Holloman,30,55,70717.78,27.39,24.56,47.99,1.85,Low value Customer
710,Stephanie Phelps,20,46,52352.91,45.09,8.17,21.61,3.04,Medium value Customer
711,Stephanie Ulpright,4,72,47964.8,85.31,71.48,16.46,5.76,Top Customer
712,Steve Carroll,21,71,90889.56,42.66,69.54,70.85,2.88,Medium value Customer
713,Steve Chapman,9,74,105251.2,66.65,75.38,82.41,4.5,High value Customer
714,Steve Nguyen,44,61,61385.15,13.66,41.33,34.17,0.92,Very low value Customer
715,Steven Cartwright,7,73,99157.66,73.44,73.3,77.89,4.96,High value Customer
716,Steven Roelle,21,64,83681.42,42.66,50.19,63.82,2.88,Medium value Customer
717,Steven Ward,15,106,124771.88,53.82,99.87,92.34,3.63,Medium value Customer
718,Stewart Carmichael,40,83,75340.5,17.83,90.64,54.77,1.2,Very low value Customer
719,Stewart Visinsky,21,75,97360.39,42.66,77.39,76.13,2.88,Medium value Customer
720,Stuart Calhoun,30,45,68745.56,27.39,7.1,45.98,1.85,Low value Customer
721,Stuart Van,8,62,124479.61,69.85,44.16,92.21,4.72,High value Customer
722,Sue Ann Reed,10,64,76543.76,65.49,50.19,57.04,4.42,Medium value Customer
723,Sung Chung,8,46,50677.31,69.85,8.17,19.6,4.72,High value Customer
724,Sung Pak,54,52,68457.71,8.66,18.09,45.35,0.58,Very low value Customer
725,Sung Shariari,14,43,25061.15,56.77,4.96,1.26,3.83,Medium value Customer
726,Susan Gilcrest,16,58,56708.19,50.99,33.61,27.76,3.44,Medium value Customer
727,Susan MacKendrick,37,41,31455.7,19.69,3.14,2.64,1.33,Very low value Customer
728,Susan Pistek,6,68,149420.22,77.04,62.19,96.86,5.2,High value Customer
729,Susan Vittorini,0,67,70296.0,100.0,58.67,47.36,6.75,Top Customer
730,Suzanne McNair,25,64,58454.65,36.56,50.19,29.77,2.47,Low value Customer
731,Sylvia Foulston,48,47,37855.68,11.8,9.36,6.28,0.8,Very low value Customer
732,Tamara Chand,27,88,173255.82,32.78,96.36,98.87,2.21,Low value Customer
733,Tamara Dahlen,0,58,33056.18,100.0,33.61,3.27,6.75,Top Customer
734,Tamara Manning,64,55,88856.54,6.09,24.56,68.97,0.41,Very low value Customer
735,Tamara Willingham,19,59,84035.81,47.15,36.31,64.7,3.18,Medium value Customer
736,Tanja Norvell,22,53,39116.96,40.09,19.79,7.79,2.71,Medium value Customer
737,Ted Butterfield,35,76,89704.55,22.19,79.27,69.97,1.5,Very low value Customer
738,Ted Trevino,14,64,83838.06,56.77,50.19,64.32,3.83,Medium value Customer
739,Thais Sissman,41,60,25938.13,16.61,38.69,1.76,1.12,Very low value Customer
740,Thea Hendricks,6,59,63237.25,77.04,36.31,37.44,5.2,High value Customer
741,Thea Hudgings,43,64,62987.82,14.56,50.19,36.81,0.98,Very low value Customer
742,Theone Pippenger,2,88,109444.47,89.67,96.36,85.05,6.05,Top Customer
743,Theresa Coyne,11,84,118392.02,64.79,92.27,88.94,4.37,Medium value Customer
744,Theresa Swint,8,63,33657.57,69.85,47.17,3.64,4.72,High value Customer
745,Thomas Boland,39,69,93400.78,18.79,65.45,73.49,1.27,Very low value Customer
746,Thomas Brumley,49,38,56516.14,10.78,2.01,27.26,0.73,Very low value Customer
747,Thomas Seio,26,68,63315.69,34.77,62.19,37.56,2.35,Low value Customer
748,Thomas Thornton,5,63,78580.91,81.65,47.17,59.42,5.51,Top Customer
749,Tiffany House,8,67,80529.2,69.85,58.67,61.31,4.72,High value Customer
750,Tim Brockman,1,89,85464.29,95.06,96.8,66.33,6.42,Top Customer
751,Tim Taslimi,1,55,36367.52,95.06,24.56,4.9,6.42,Top Customer
752,Toby Braunhardt,57,67,45261.83,7.31,58.67,13.44,0.49,Very low value Customer
753,Toby Carlisle,12,67,92463.68,62.41,58.67,72.86,4.21,Medium value Customer
754,Toby Gnade,14,63,46586.83,56.77,47.17,15.08,3.83,Medium value Customer
755,Toby Ritter,1,65,46816.64,95.06,52.95,15.45,6.42,Top Customer
756,Toby Swindell,8,76,76662.01,69.85,79.27,57.54,4.72,High value Customer
757,Todd Boyes,14,67,45179.16,56.77,58.67,13.32,3.83,Medium value Customer
758,Todd Sumrall,18,75,103797.59,48.88,77.39,81.28,3.3,Medium value Customer
759,Tom Ashbrook,8,80,226419.34,69.85,87.06,100.0,4.72,High value Customer
760,Tom Boeckenhauer,25,93,95802.57,36.56,97.93,74.87,2.47,Low value Customer
761,Tom Prescott,48,50,74076.84,11.8,14.64,53.14,0.8,Very low value Customer
762,Tom Stivers,19,69,72880.03,47.15,65.45,51.51,3.18,Medium value Customer
763,Tom Zandusky,8,73,52870.95,69.85,73.3,22.74,4.72,High value Customer
764,Tonja Turnell,12,84,98243.13,62.41,92.27,76.76,4.21,Medium value Customer
765,Tony Chapman,1,67,49708.76,95.06,58.67,18.47,6.42,Top Customer
766,Tony Molinari,40,80,59109.13,17.83,87.06,31.66,1.2,Very low value Customer
767,Tony Sayre,11,66,88922.15,64.79,55.53,69.22,4.37,Medium value Customer
768,Tracy Blumstein,18,91,93357.85,48.88,97.3,73.37,3.3,Medium value Customer
769,Tracy Collins,0,55,43158.5,100.0,24.56,11.56,6.75,Top Customer
770,Tracy Hopkins,5,55,67091.26,81.65,24.56,43.22,5.51,Top Customer
771,Tracy Poddar,14,68,54512.14,56.77,62.19,24.87,3.83,Medium value Customer
772,Tracy Zic,35,48,48203.28,22.19,10.93,16.83,1.5,Very low value Customer
773,Troy Blackwell,28,46,46284.94,30.6,8.17,14.7,2.07,Low value Customer
774,Troy Staebel,20,83,99411.97,45.09,90.64,78.02,3.04,Medium value Customer
775,Trudy Brown,30,69,67622.13,27.39,65.45,44.1,1.85,Low value Customer
776,Trudy Glocke,5,75,104338.98,81.65,77.39,81.53,5.51,Top Customer
777,Trudy Schmidt,84,56,45013.28,3.59,27.83,12.94,0.24,Very low value Customer
778,Valerie Dominguez,0,67,76648.63,100.0,58.67,57.41,6.75,Top Customer
779,Valerie Mitchum,13,68,88089.59,59.4,62.19,68.09,4.01,Medium value Customer
780,Valerie Takahito,7,72,90465.98,73.44,71.48,70.48,4.96,High value Customer
781,Vicky Freymann,13,49,68445.56,59.4,12.63,45.23,4.01,Medium value Customer
782,Victor Preis,28,58,56521.76,30.6,33.61,27.39,2.07,Low value Customer
783,Victoria Brennan,4,45,59064.12,85.31,7.1,31.41,5.76,Top Customer
784,Victoria Pisteka,75,60,82584.43,4.81,38.69,62.94,0.32,Very low value Customer
785,Victoria Wilson,6,66,84436.69,77.04,55.53,65.45,5.2,High value Customer
786,Vivek Gonzalez,110,50,46030.0,1.54,14.64,14.32,0.1,Very low value Customer
787,Vivek Grady,2,61,159085.52,89.67,41.33,97.74,6.05,Top Customer
788,Vivek Sundaresam,22,40,50235.56,40.09,2.76,18.97,2.71,Medium value Customer
789,Vivian Mathis,8,36,22418.83,69.85,1.44,0.5,4.72,High value Customer
790,William Brown,20,84,75576.78,45.09,92.27,55.15,3.04,Medium value Customer
791,Xylona Preis,43,61,70356.18,14.56,41.33,47.61,0.98,Very low value Customer
792,Yana Sorensen,4,62,101036.85,85.31,44.16,79.27,5.76,Top Customer
793,Yoseph Carroll,4,56,103383.05,85.31,27.83,81.03,5.76,Top Customer
794,Zuschuss Carroll,3,85,155694.72,86.79,93.53,97.61,5.86,Top Customer
795,Zuschuss Donatelli,1,54,43058.36,95.06,21.8,11.43,6.42,Top Customer
